"module name","license","repository"
"7zip-bin@5.2.0","MIT","https://github.com/develar/7zip-bin"
"@ampproject/remapping@2.3.0","Apache-2.0","https://github.com/ampproject/remapping"
"@apidevtools/json-schema-ref-parser@9.1.2","MIT","https://github.com/APIDevTools/json-schema-ref-parser"
"@apidevtools/openapi-schemas@2.1.0","MIT","https://github.com/APIDevTools/openapi-schemas"
"@apidevtools/swagger-methods@3.0.2","MIT","https://github.com/APIDevTools/swagger-methods"
"@apidevtools/swagger-parser@10.0.3","MIT","https://github.com/APIDevTools/swagger-parser"
"@babel/code-frame@7.27.1","MIT","https://github.com/babel/babel"
"@babel/compat-data@7.28.0","MIT","https://github.com/babel/babel"
"@babel/core@7.28.0","MIT","https://github.com/babel/babel"
"@babel/generator@7.28.0","MIT","https://github.com/babel/babel"
"@babel/helper-annotate-as-pure@7.27.3","MIT","https://github.com/babel/babel"
"@babel/helper-compilation-targets@7.27.2","MIT","https://github.com/babel/babel"
"@babel/helper-create-class-features-plugin@7.27.1","MIT","https://github.com/babel/babel"
"@babel/helper-create-regexp-features-plugin@7.27.1","MIT","https://github.com/babel/babel"
"@babel/helper-define-polyfill-provider@0.6.5","MIT","https://github.com/babel/babel-polyfills"
"@babel/helper-globals@7.28.0","MIT","https://github.com/babel/babel"
"@babel/helper-member-expression-to-functions@7.27.1","MIT","https://github.com/babel/babel"
"@babel/helper-module-imports@7.27.1","MIT","https://github.com/babel/babel"
"@babel/helper-module-transforms@7.27.3","MIT","https://github.com/babel/babel"
"@babel/helper-optimise-call-expression@7.27.1","MIT","https://github.com/babel/babel"
"@babel/helper-plugin-utils@7.27.1","MIT","https://github.com/babel/babel"
"@babel/helper-remap-async-to-generator@7.27.1","MIT","https://github.com/babel/babel"
"@babel/helper-replace-supers@7.27.1","MIT","https://github.com/babel/babel"
"@babel/helper-skip-transparent-expression-wrappers@7.27.1","MIT","https://github.com/babel/babel"
"@babel/helper-string-parser@7.27.1","MIT","https://github.com/babel/babel"
"@babel/helper-validator-identifier@7.27.1","MIT","https://github.com/babel/babel"
"@babel/helper-validator-option@7.27.1","MIT","https://github.com/babel/babel"
"@babel/helper-wrap-function@7.27.1","MIT","https://github.com/babel/babel"
"@babel/helpers@7.28.2","MIT","https://github.com/babel/babel"
"@babel/parser@7.28.0","MIT","https://github.com/babel/babel"
"@babel/plugin-bugfix-firefox-class-in-computed-class-key@7.27.1","MIT","https://github.com/babel/babel"
"@babel/plugin-bugfix-safari-class-field-initializer-scope@7.27.1","MIT","https://github.com/babel/babel"
"@babel/plugin-bugfix-safari-id-destructuring-collision-in-function-expression@7.27.1","MIT","https://github.com/babel/babel"
"@babel/plugin-bugfix-v8-spread-parameters-in-optional-chaining@7.27.1","MIT","https://github.com/babel/babel"
"@babel/plugin-bugfix-v8-static-class-fields-redefine-readonly@7.27.1","MIT","https://github.com/babel/babel"
"@babel/plugin-proposal-private-property-in-object@7.21.0-placeholder-for-preset-env.2","MIT","https://github.com/babel/babel-plugin-proposal-private-property-in-object"
"@babel/plugin-syntax-import-assertions@7.27.1","MIT","https://github.com/babel/babel"
"@babel/plugin-syntax-import-attributes@7.27.1","MIT","https://github.com/babel/babel"
"@babel/plugin-syntax-jsx@7.27.1","MIT","https://github.com/babel/babel"
"@babel/plugin-syntax-unicode-sets-regex@7.18.6","MIT","https://github.com/babel/babel"
"@babel/plugin-transform-arrow-functions@7.27.1","MIT","https://github.com/babel/babel"
"@babel/plugin-transform-async-generator-functions@7.28.0","MIT","https://github.com/babel/babel"
"@babel/plugin-transform-async-to-generator@7.27.1","MIT","https://github.com/babel/babel"
"@babel/plugin-transform-block-scoped-functions@7.27.1","MIT","https://github.com/babel/babel"
"@babel/plugin-transform-block-scoping@7.28.0","MIT","https://github.com/babel/babel"
"@babel/plugin-transform-class-properties@7.27.1","MIT","https://github.com/babel/babel"
"@babel/plugin-transform-class-static-block@7.27.1","MIT","https://github.com/babel/babel"
"@babel/plugin-transform-classes@7.28.0","MIT","https://github.com/babel/babel"
"@babel/plugin-transform-computed-properties@7.27.1","MIT","https://github.com/babel/babel"
"@babel/plugin-transform-destructuring@7.28.0","MIT","https://github.com/babel/babel"
"@babel/plugin-transform-dotall-regex@7.27.1","MIT","https://github.com/babel/babel"
"@babel/plugin-transform-duplicate-keys@7.27.1","MIT","https://github.com/babel/babel"
"@babel/plugin-transform-duplicate-named-capturing-groups-regex@7.27.1","MIT","https://github.com/babel/babel"
"@babel/plugin-transform-dynamic-import@7.27.1","MIT","https://github.com/babel/babel"
"@babel/plugin-transform-explicit-resource-management@7.28.0","MIT","https://github.com/babel/babel"
"@babel/plugin-transform-exponentiation-operator@7.27.1","MIT","https://github.com/babel/babel"
"@babel/plugin-transform-export-namespace-from@7.27.1","MIT","https://github.com/babel/babel"
"@babel/plugin-transform-for-of@7.27.1","MIT","https://github.com/babel/babel"
"@babel/plugin-transform-function-name@7.27.1","MIT","https://github.com/babel/babel"
"@babel/plugin-transform-json-strings@7.27.1","MIT","https://github.com/babel/babel"
"@babel/plugin-transform-literals@7.27.1","MIT","https://github.com/babel/babel"
"@babel/plugin-transform-logical-assignment-operators@7.27.1","MIT","https://github.com/babel/babel"
"@babel/plugin-transform-member-expression-literals@7.27.1","MIT","https://github.com/babel/babel"
"@babel/plugin-transform-modules-amd@7.27.1","MIT","https://github.com/babel/babel"
"@babel/plugin-transform-modules-commonjs@7.27.1","MIT","https://github.com/babel/babel"
"@babel/plugin-transform-modules-systemjs@7.27.1","MIT","https://github.com/babel/babel"
"@babel/plugin-transform-modules-umd@7.27.1","MIT","https://github.com/babel/babel"
"@babel/plugin-transform-named-capturing-groups-regex@7.27.1","MIT","https://github.com/babel/babel"
"@babel/plugin-transform-new-target@7.27.1","MIT","https://github.com/babel/babel"
"@babel/plugin-transform-nullish-coalescing-operator@7.27.1","MIT","https://github.com/babel/babel"
"@babel/plugin-transform-numeric-separator@7.27.1","MIT","https://github.com/babel/babel"
"@babel/plugin-transform-object-rest-spread@7.28.0","MIT","https://github.com/babel/babel"
"@babel/plugin-transform-object-super@7.27.1","MIT","https://github.com/babel/babel"
"@babel/plugin-transform-optional-catch-binding@7.27.1","MIT","https://github.com/babel/babel"
"@babel/plugin-transform-optional-chaining@7.27.1","MIT","https://github.com/babel/babel"
"@babel/plugin-transform-parameters@7.27.7","MIT","https://github.com/babel/babel"
"@babel/plugin-transform-private-methods@7.27.1","MIT","https://github.com/babel/babel"
"@babel/plugin-transform-private-property-in-object@7.27.1","MIT","https://github.com/babel/babel"
"@babel/plugin-transform-property-literals@7.27.1","MIT","https://github.com/babel/babel"
"@babel/plugin-transform-react-display-name@7.28.0","MIT","https://github.com/babel/babel"
"@babel/plugin-transform-react-jsx-development@7.27.1","MIT","https://github.com/babel/babel"
"@babel/plugin-transform-react-jsx@7.27.1","MIT","https://github.com/babel/babel"
"@babel/plugin-transform-react-pure-annotations@7.27.1","MIT","https://github.com/babel/babel"
"@babel/plugin-transform-regenerator@7.28.1","MIT","https://github.com/babel/babel"
"@babel/plugin-transform-regexp-modifiers@7.27.1","MIT","https://github.com/babel/babel"
"@babel/plugin-transform-reserved-words@7.27.1","MIT","https://github.com/babel/babel"
"@babel/plugin-transform-shorthand-properties@7.27.1","MIT","https://github.com/babel/babel"
"@babel/plugin-transform-spread@7.27.1","MIT","https://github.com/babel/babel"
"@babel/plugin-transform-sticky-regex@7.27.1","MIT","https://github.com/babel/babel"
"@babel/plugin-transform-template-literals@7.27.1","MIT","https://github.com/babel/babel"
"@babel/plugin-transform-typeof-symbol@7.27.1","MIT","https://github.com/babel/babel"
"@babel/plugin-transform-unicode-escapes@7.27.1","MIT","https://github.com/babel/babel"
"@babel/plugin-transform-unicode-property-regex@7.27.1","MIT","https://github.com/babel/babel"
"@babel/plugin-transform-unicode-regex@7.27.1","MIT","https://github.com/babel/babel"
"@babel/plugin-transform-unicode-sets-regex@7.27.1","MIT","https://github.com/babel/babel"
"@babel/preset-env@7.28.0","MIT","https://github.com/babel/babel"
"@babel/preset-modules@0.1.6-no-external-plugins","MIT","https://github.com/babel/preset-modules"
"@babel/preset-react@7.27.1","MIT","https://github.com/babel/babel"
"@babel/runtime@7.28.2","MIT","https://github.com/babel/babel"
"@babel/template@7.27.2","MIT","https://github.com/babel/babel"
"@babel/traverse@7.28.0","MIT","https://github.com/babel/babel"
"@babel/types@7.28.2","MIT","https://github.com/babel/babel"
"@develar/schema-utils@2.6.5","MIT","https://github.com/webpack/schema-utils"
"@discoveryjs/json-ext@0.6.3","MIT","https://github.com/discoveryjs/json-ext"
"@electron/asar@3.2.18","MIT","https://github.com/electron/asar"
"@electron/fuses@1.8.0","MIT","https://github.com/electron/fuses"
"@electron/get@2.0.3","MIT","https://github.com/electron/get"
"@electron/node-gyp@10.2.0-electron.1","MIT","https://github.com/nodejs/node-gyp"
"@electron/notarize@2.5.0","MIT","https://github.com/electron/notarize"
"@electron/osx-sign@1.3.1","BSD-2-Clause","https://github.com/electron/osx-sign"
"@electron/rebuild@3.7.0","MIT","https://github.com/electron/rebuild"
"@electron/universal@2.0.1","MIT","https://github.com/electron/universal"
"@electron/windows-sign@1.2.2","BSD-2-Clause","https://github.com/electron/windows-sign"
"@gar/promisify@1.1.3","MIT","https://github.com/wraithgar/gar-promisify"
"@hapi/hoek@9.3.0","BSD-3-Clause","https://github.com/hapijs/hoek"
"@hapi/topo@5.1.0","BSD-3-Clause","https://github.com/hapijs/topo"
"@isaacs/balanced-match@4.0.1","MIT","https://github.com/isaacs/balanced-match"
"@isaacs/brace-expansion@5.0.0","MIT",""
"@isaacs/cliui@8.0.2","ISC","https://github.com/yargs/cliui"
"@jridgewell/gen-mapping@0.3.13","MIT","https://github.com/jridgewell/sourcemaps"
"@jridgewell/resolve-uri@3.1.2","MIT","https://github.com/jridgewell/resolve-uri"
"@jridgewell/source-map@0.3.11","MIT","https://github.com/jridgewell/sourcemaps"
"@jridgewell/sourcemap-codec@1.5.5","MIT","https://github.com/jridgewell/sourcemaps"
"@jridgewell/trace-mapping@0.3.30","MIT","https://github.com/jridgewell/sourcemaps"
"@jsdevtools/ono@7.1.3","MIT","https://github.com/JS-DevTools/ono"
"@jsonjoy.com/base64@1.1.2","Apache-2.0","https://github.com/jsonjoy-com/base64"
"@jsonjoy.com/buffers@1.0.0","Apache-2.0","https://github.com/jsonjoy-com/buffers"
"@jsonjoy.com/codegen@1.0.0","Apache-2.0","https://github.com/jsonjoy-com/codegen"
"@jsonjoy.com/json-pack@1.10.0","Apache-2.0","https://github.com/jsonjoy-com/json-pack"
"@jsonjoy.com/json-pointer@1.0.1","Apache-2.0","https://github.com/jsonjoy-com/json-pointer"
"@jsonjoy.com/util@1.9.0","Apache-2.0","https://github.com/jsonjoy-com/util"
"@leichtgewicht/ip-codec@2.0.5","MIT","https://github.com/martinheidegger/ip-codec"
"@malept/cross-spawn-promise@2.0.0","Apache-2.0","https://github.com/malept/cross-spawn-promise"
"@malept/flatpak-bundler@0.4.0","MIT","https://github.com/malept/flatpak-bundler"
"@npmcli/fs@1.1.1","ISC",""
"@npmcli/fs@2.1.2","ISC","https://github.com/npm/fs"
"@npmcli/move-file@1.1.2","MIT","https://github.com/npm/move-file"
"@npmcli/move-file@2.0.1","MIT","https://github.com/npm/move-file"
"@parcel/watcher-darwin-arm64@2.5.1","MIT","https://github.com/parcel-bundler/watcher"
"@parcel/watcher@2.5.1","MIT","https://github.com/parcel-bundler/watcher"
"@pkgjs/parseargs@0.11.0","MIT","https://github.com/pkgjs/parseargs"
"@reduxjs/toolkit@2.8.2","MIT","https://github.com/reduxjs/redux-toolkit"
"@scarf/scarf@1.4.0","Apache-2.0","https://github.com/scarf-sh/scarf-js"
"@sideway/address@4.1.5","BSD-3-Clause","https://github.com/sideway/address"
"@sideway/formula@3.0.1","BSD-3-Clause","https://github.com/sideway/formula"
"@sideway/pinpoint@2.0.0","BSD-3-Clause","https://github.com/sideway/pinpoint"
"@sindresorhus/is@4.6.0","MIT","https://github.com/sindresorhus/is"
"@standard-schema/spec@1.0.0","MIT","https://github.com/standard-schema/standard-schema"
"@standard-schema/utils@0.3.0","MIT","https://github.com/standard-schema/standard-schema"
"@szmarczak/http-timer@4.0.6","MIT","https://github.com/szmarczak/http-timer"
"@tanstack/query-core@5.83.1","MIT","https://github.com/TanStack/query"
"@tanstack/react-query@5.85.0","MIT","https://github.com/TanStack/query"
"@tootallnate/once@1.1.2","MIT","https://github.com/TooTallNate/once"
"@tootallnate/once@2.0.0","MIT","https://github.com/TooTallNate/once"
"@types/body-parser@1.19.6","MIT","https://github.com/DefinitelyTyped/DefinitelyTyped"
"@types/bonjour@3.5.13","MIT","https://github.com/DefinitelyTyped/DefinitelyTyped"
"@types/cacheable-request@6.0.3","MIT","https://github.com/DefinitelyTyped/DefinitelyTyped"
"@types/connect-history-api-fallback@1.5.4","MIT","https://github.com/DefinitelyTyped/DefinitelyTyped"
"@types/connect@3.4.38","MIT","https://github.com/DefinitelyTyped/DefinitelyTyped"
"@types/d3-array@3.2.1","MIT","https://github.com/DefinitelyTyped/DefinitelyTyped"
"@types/d3-color@3.1.3","MIT","https://github.com/DefinitelyTyped/DefinitelyTyped"
"@types/d3-ease@3.0.2","MIT","https://github.com/DefinitelyTyped/DefinitelyTyped"
"@types/d3-interpolate@3.0.4","MIT","https://github.com/DefinitelyTyped/DefinitelyTyped"
"@types/d3-path@3.1.1","MIT","https://github.com/DefinitelyTyped/DefinitelyTyped"
"@types/d3-scale@4.0.9","MIT","https://github.com/DefinitelyTyped/DefinitelyTyped"
"@types/d3-shape@3.1.7","MIT","https://github.com/DefinitelyTyped/DefinitelyTyped"
"@types/d3-time@3.0.4","MIT","https://github.com/DefinitelyTyped/DefinitelyTyped"
"@types/d3-timer@3.0.2","MIT","https://github.com/DefinitelyTyped/DefinitelyTyped"
"@types/debug@4.1.12","MIT","https://github.com/DefinitelyTyped/DefinitelyTyped"
"@types/eslint-scope@3.7.7","MIT","https://github.com/DefinitelyTyped/DefinitelyTyped"
"@types/eslint@9.6.1","MIT","https://github.com/DefinitelyTyped/DefinitelyTyped"
"@types/estree@1.0.8","MIT","https://github.com/DefinitelyTyped/DefinitelyTyped"
"@types/express-serve-static-core@4.19.6","MIT","https://github.com/DefinitelyTyped/DefinitelyTyped"
"@types/express@4.17.23","MIT","https://github.com/DefinitelyTyped/DefinitelyTyped"
"@types/fs-extra@9.0.13","MIT","https://github.com/DefinitelyTyped/DefinitelyTyped"
"@types/hast@2.3.10","MIT","https://github.com/DefinitelyTyped/DefinitelyTyped"
"@types/html-minifier-terser@6.1.0","MIT","https://github.com/DefinitelyTyped/DefinitelyTyped"
"@types/http-cache-semantics@4.0.4","MIT","https://github.com/DefinitelyTyped/DefinitelyTyped"
"@types/http-errors@2.0.5","MIT","https://github.com/DefinitelyTyped/DefinitelyTyped"
"@types/http-proxy@1.17.16","MIT","https://github.com/DefinitelyTyped/DefinitelyTyped"
"@types/json-schema@7.0.15","MIT","https://github.com/DefinitelyTyped/DefinitelyTyped"
"@types/keyv@3.1.4","MIT","https://github.com/DefinitelyTyped/DefinitelyTyped"
"@types/mime@1.3.5","MIT","https://github.com/DefinitelyTyped/DefinitelyTyped"
"@types/ms@2.1.0","MIT","https://github.com/DefinitelyTyped/DefinitelyTyped"
"@types/node-forge@1.3.13","MIT","https://github.com/DefinitelyTyped/DefinitelyTyped"
"@types/node@22.17.1","MIT","https://github.com/DefinitelyTyped/DefinitelyTyped"
"@types/plist@3.0.5","MIT","https://github.com/DefinitelyTyped/DefinitelyTyped"
"@types/qs@6.14.0","MIT","https://github.com/DefinitelyTyped/DefinitelyTyped"
"@types/range-parser@1.2.7","MIT","https://github.com/DefinitelyTyped/DefinitelyTyped"
"@types/responselike@1.0.3","MIT","https://github.com/DefinitelyTyped/DefinitelyTyped"
"@types/retry@0.12.2","MIT","https://github.com/DefinitelyTyped/DefinitelyTyped"
"@types/send@0.17.5","MIT","https://github.com/DefinitelyTyped/DefinitelyTyped"
"@types/serve-index@1.9.4","MIT","https://github.com/DefinitelyTyped/DefinitelyTyped"
"@types/serve-static@1.15.8","MIT","https://github.com/DefinitelyTyped/DefinitelyTyped"
"@types/sockjs@0.3.36","MIT","https://github.com/DefinitelyTyped/DefinitelyTyped"
"@types/unist@2.0.11","MIT","https://github.com/DefinitelyTyped/DefinitelyTyped"
"@types/use-sync-external-store@0.0.6","MIT","https://github.com/DefinitelyTyped/DefinitelyTyped"
"@types/verror@1.10.11","MIT","https://github.com/DefinitelyTyped/DefinitelyTyped"
"@types/ws@8.18.1","MIT","https://github.com/DefinitelyTyped/DefinitelyTyped"
"@types/yauzl@2.10.3","MIT","https://github.com/DefinitelyTyped/DefinitelyTyped"
"@webassemblyjs/ast@1.14.1","MIT","https://github.com/xtuc/webassemblyjs"
"@webassemblyjs/floating-point-hex-parser@1.13.2","MIT","https://github.com/xtuc/webassemblyjs"
"@webassemblyjs/helper-api-error@1.13.2","MIT","https://github.com/xtuc/webassemblyjs"
"@webassemblyjs/helper-buffer@1.14.1","MIT","https://github.com/xtuc/webassemblyjs"
"@webassemblyjs/helper-numbers@1.13.2","MIT","https://github.com/xtuc/webassemblyjs"
"@webassemblyjs/helper-wasm-bytecode@1.13.2","MIT","https://github.com/xtuc/webassemblyjs"
"@webassemblyjs/helper-wasm-section@1.14.1","MIT","https://github.com/xtuc/webassemblyjs"
"@webassemblyjs/ieee754@1.13.2","MIT","https://github.com/xtuc/webassemblyjs"
"@webassemblyjs/leb128@1.13.2","Apache-2.0","https://github.com/xtuc/webassemblyjs"
"@webassemblyjs/utf8@1.13.2","MIT","https://github.com/xtuc/webassemblyjs"
"@webassemblyjs/wasm-edit@1.14.1","MIT","https://github.com/xtuc/webassemblyjs"
"@webassemblyjs/wasm-gen@1.14.1","MIT","https://github.com/xtuc/webassemblyjs"
"@webassemblyjs/wasm-opt@1.14.1","MIT","https://github.com/xtuc/webassemblyjs"
"@webassemblyjs/wasm-parser@1.14.1","MIT","https://github.com/xtuc/webassemblyjs"
"@webassemblyjs/wast-printer@1.14.1","MIT","https://github.com/xtuc/webassemblyjs"
"@webpack-cli/configtest@3.0.1","MIT","https://github.com/webpack/webpack-cli"
"@webpack-cli/info@3.0.1","MIT","https://github.com/webpack/webpack-cli"
"@webpack-cli/serve@3.0.1","MIT","https://github.com/webpack/webpack-cli"
"@xmldom/xmldom@0.8.10","MIT","https://github.com/xmldom/xmldom"
"@xtuc/ieee754@1.2.0","BSD-3-Clause","https://github.com/feross/ieee754"
"@xtuc/long@4.2.2","Apache-2.0","https://github.com/dcodeIO/long.js"
"abbrev@1.1.1","ISC","https://github.com/isaacs/abbrev-js"
"accepts@1.3.8","MIT","https://github.com/jshttp/accepts"
"accepts@2.0.0","MIT","https://github.com/jshttp/accepts"
"acorn-import-phases@1.0.4","MIT","https://github.com/nicolo-ribaudo/acorn-import-phases"
"acorn@8.15.0","MIT","https://github.com/acornjs/acorn"
"agent-base@6.0.2","MIT","https://github.com/TooTallNate/node-agent-base"
"agent-base@7.1.4","MIT","https://github.com/TooTallNate/proxy-agents"
"agentkeepalive@4.6.0","MIT","https://github.com/node-modules/agentkeepalive"
"aggregate-error@3.1.0","MIT","https://github.com/sindresorhus/aggregate-error"
"ajv-formats@2.1.1","MIT","https://github.com/ajv-validator/ajv-formats"
"ajv-keywords@3.5.2","MIT","https://github.com/epoberezkin/ajv-keywords"
"ajv-keywords@5.1.0","MIT","https://github.com/epoberezkin/ajv-keywords"
"ajv@6.12.6","MIT","https://github.com/ajv-validator/ajv"
"ajv@8.17.1","MIT","https://github.com/ajv-validator/ajv"
"ansi-html-community@0.0.8","Apache-2.0","https://github.com/mahdyar/ansi-html-community"
"ansi-regex@5.0.1","MIT","https://github.com/chalk/ansi-regex"
"ansi-regex@6.1.0","MIT","https://github.com/chalk/ansi-regex"
"ansi-styles@3.2.1","MIT","https://github.com/chalk/ansi-styles"
"ansi-styles@4.3.0","MIT","https://github.com/chalk/ansi-styles"
"ansi-styles@6.2.1","MIT","https://github.com/chalk/ansi-styles"
"anymatch@3.1.3","ISC","https://github.com/micromatch/anymatch"
"app-builder-bin@5.0.0-alpha.12","MIT","https://github.com/develar/app-builder"
"app-builder-lib@26.0.12","MIT","https://github.com/electron-userland/electron-builder"
"aproba@2.1.0","ISC","https://github.com/iarna/aproba"
"are-we-there-yet@3.0.1","ISC","https://github.com/npm/are-we-there-yet"
"argparse@2.0.1","Python-2.0","https://github.com/nodeca/argparse"
"arp-table@0.0.0","MIT","https://github.com/michaelrhodes/arp-table"
"array-find-index@1.0.2","MIT","https://github.com/sindresorhus/array-find-index"
"array-flatten@1.1.1","MIT","https://github.com/blakeembrey/array-flatten"
"asap@2.0.6","MIT","https://github.com/kriskowal/asap"
"asn1.js@4.10.1","MIT","https://github.com/indutny/asn1.js"
"asn1@0.2.6","MIT","https://github.com/joyent/node-asn1"
"assert-plus@1.0.0","MIT","https://github.com/mcavage/node-assert-plus"
"assert@2.1.0","MIT","https://github.com/browserify/commonjs-assert"
"astral-regex@2.0.0","MIT","https://github.com/kevva/astral-regex"
"async-exit-hook@2.0.1","MIT","https://github.com/tapppi/async-exit-hook"
"async@3.2.6","MIT","https://github.com/caolan/async"
"asynckit@0.4.0","MIT","https://github.com/alexindigo/asynckit"
"at-least-node@1.0.0","ISC","https://github.com/RyanZim/at-least-node"
"available-typed-arrays@1.0.7","MIT","https://github.com/inspect-js/available-typed-arrays"
"axios@1.11.0","MIT","https://github.com/axios/axios"
"babel-loader@10.0.0","MIT","https://github.com/babel/babel-loader"
"babel-plugin-polyfill-corejs2@0.4.14","MIT","https://github.com/babel/babel-polyfills"
"babel-plugin-polyfill-corejs3@0.13.0","MIT","https://github.com/babel/babel-polyfills"
"babel-plugin-polyfill-regenerator@0.6.5","MIT","https://github.com/babel/babel-polyfills"
"balanced-match@1.0.2","MIT","https://github.com/juliangruber/balanced-match"
"base64-js@1.5.1","MIT","https://github.com/beatgammit/base64-js"
"batch@0.6.1","MIT","https://github.com/visionmedia/batch"
"bcrypt-pbkdf@1.0.2","BSD-3-Clause","https://github.com/joyent/node-bcrypt-pbkdf"
"binary-extensions@2.3.0","MIT","https://github.com/sindresorhus/binary-extensions"
"bindings@1.5.0","MIT","https://github.com/TooTallNate/node-bindings"
"bl@4.1.0","MIT","https://github.com/rvagg/bl"
"bn.js@4.12.2","MIT","https://github.com/indutny/bn.js"
"bn.js@5.2.2","MIT","https://github.com/indutny/bn.js"
"body-parser@1.20.3","MIT","https://github.com/expressjs/body-parser"
"body-parser@2.2.0","MIT","https://github.com/expressjs/body-parser"
"bonjour-service@1.3.0","MIT","https://github.com/onlxltd/bonjour-service"
"boolbase@1.0.0","ISC","https://github.com/fb55/boolbase"
"boolean@3.2.0","MIT","https://github.com/thenativeweb/boolean"
"brace-expansion@1.1.12","MIT","https://github.com/juliangruber/brace-expansion"
"brace-expansion@2.0.2","MIT","https://github.com/juliangruber/brace-expansion"
"braces@3.0.3","MIT","https://github.com/micromatch/braces"
"brorand@1.1.0","MIT","https://github.com/indutny/brorand"
"browser-resolve@2.0.0","MIT","https://github.com/browserify/browser-resolve"
"browserify-aes@1.2.0","MIT","https://github.com/crypto-browserify/browserify-aes"
"browserify-cipher@1.0.1","MIT","https://github.com/crypto-browserify/browserify-cipher"
"browserify-des@1.0.2","MIT","https://github.com/crypto-browserify/browserify-des"
"browserify-rsa@4.1.1","MIT","https://github.com/crypto-browserify/browserify-rsa"
"browserify-sign@4.2.3","ISC","https://github.com/crypto-browserify/browserify-sign"
"browserify-zlib@0.2.0","MIT","https://github.com/devongovett/browserify-zlib"
"browserslist@4.25.2","MIT","https://github.com/browserslist/browserslist"
"buffer-crc32@0.2.13","MIT","https://github.com/brianloveswords/buffer-crc32"
"buffer-from@1.1.2","MIT","https://github.com/LinusU/buffer-from"
"buffer-xor@1.0.3","MIT","https://github.com/crypto-browserify/buffer-xor"
"buffer@5.7.1","MIT","https://github.com/feross/buffer"
"buffer@6.0.3","MIT","https://github.com/feross/buffer"
"buildcheck@0.0.6","MIT","https://github.com/mscdex/buildcheck"
"builder-util-runtime@9.3.1","MIT","https://github.com/electron-userland/electron-builder"
"builder-util@26.0.11","MIT","https://github.com/electron-userland/electron-builder"
"builtin-status-codes@3.0.0","MIT","https://github.com/bendrucker/builtin-status-codes"
"bundle-name@4.1.0","MIT","https://github.com/sindresorhus/bundle-name"
"bytes@3.1.2","MIT","https://github.com/visionmedia/bytes.js"
"cacache@15.3.0","ISC","https://github.com/npm/cacache"
"cacache@16.1.3","ISC","https://github.com/npm/cacache"
"cacheable-lookup@5.0.4","MIT","https://github.com/szmarczak/cacheable-lookup"
"cacheable-request@7.0.4","MIT","https://github.com/lukechilds/cacheable-request"
"call-bind-apply-helpers@1.0.2","MIT","https://github.com/ljharb/call-bind-apply-helpers"
"call-bind@1.0.8","MIT","https://github.com/ljharb/call-bind"
"call-bound@1.0.4","MIT","https://github.com/ljharb/call-bound"
"call-me-maybe@1.0.2","MIT","https://github.com/limulus/call-me-maybe"
"camel-case@4.1.2","MIT","https://github.com/blakeembrey/change-case"
"caniuse-lite@1.0.30001734","CC-BY-4.0","https://github.com/browserslist/caniuse-lite"
"chalk@2.4.2","MIT","https://github.com/chalk/chalk"
"chalk@4.1.2","MIT","https://github.com/chalk/chalk"
"character-entities-legacy@1.1.4","MIT","https://github.com/wooorm/character-entities-legacy"
"character-entities@1.2.4","MIT","https://github.com/wooorm/character-entities"
"character-reference-invalid@1.1.4","MIT","https://github.com/wooorm/character-reference-invalid"
"chokidar@3.6.0","MIT","https://github.com/paulmillr/chokidar"
"chokidar@4.0.3","MIT","https://github.com/paulmillr/chokidar"
"chownr@1.1.4","ISC","https://github.com/isaacs/chownr"
"chownr@2.0.0","ISC","https://github.com/isaacs/chownr"
"chrome-trace-event@1.0.4","MIT","https://github.com/samccone/chrome-trace-event"
"chromium-pickle-js@0.2.0","MIT","https://github.com/electron/node-chromium-pickle-js"
"ci-info@3.9.0","MIT","https://github.com/watson/ci-info"
"cipher-base@1.0.6","MIT","https://github.com/crypto-browserify/cipher-base"
"clean-css@5.3.3","MIT","https://github.com/clean-css/clean-css"
"clean-stack@2.2.0","MIT","https://github.com/sindresorhus/clean-stack"
"cli-cursor@3.1.0","MIT","https://github.com/sindresorhus/cli-cursor"
"cli-spinners@2.9.2","MIT","https://github.com/sindresorhus/cli-spinners"
"cli-truncate@2.1.0","MIT","https://github.com/sindresorhus/cli-truncate"
"cliui@8.0.1","ISC","https://github.com/yargs/cliui"
"clone-deep@4.0.1","MIT","https://github.com/jonschlinkert/clone-deep"
"clone-response@1.0.3","MIT","https://github.com/sindresorhus/clone-response"
"clone@1.0.4","MIT","https://github.com/pvorb/node-clone"
"clsx@2.1.1","MIT","https://github.com/lukeed/clsx"
"color-convert@1.9.3","MIT","https://github.com/Qix-/color-convert"
"color-convert@2.0.1","MIT","https://github.com/Qix-/color-convert"
"color-name@1.1.3","MIT","https://github.com/dfcreative/color-name"
"color-name@1.1.4","MIT","https://github.com/colorjs/color-name"
"color-support@1.1.3","ISC","https://github.com/isaacs/color-support"
"colorette@2.0.20","MIT","https://github.com/jorgebucaran/colorette"
"combined-stream@1.0.8","MIT","https://github.com/felixge/node-combined-stream"
"comma-separated-tokens@1.0.8","MIT","https://github.com/wooorm/comma-separated-tokens"
"commander@12.1.0","MIT","https://github.com/tj/commander.js"
"commander@2.20.3","MIT","https://github.com/tj/commander.js"
"commander@5.1.0","MIT","https://github.com/tj/commander.js"
"commander@6.2.0","MIT","https://github.com/tj/commander.js"
"commander@8.3.0","MIT","https://github.com/tj/commander.js"
"commander@9.5.0","MIT","https://github.com/tj/commander.js"
"compare-version@0.1.2","MIT","https://github.com/kevva/compare-version"
"compressible@2.0.18","MIT","https://github.com/jshttp/compressible"
"compression@1.8.1","MIT","https://github.com/expressjs/compression"
"concat-map@0.0.1","MIT","https://github.com/substack/node-concat-map"
"concurrently@9.2.0","MIT","https://github.com/open-cli-tools/concurrently"
"config-file-ts@0.2.8-rc1","MIT","https://github.com/mighdoll/config-file-ts"
"connect-history-api-fallback@2.0.0","MIT","https://github.com/bripkens/connect-history-api-fallback"
"console-browserify@1.2.0","MIT","https://github.com/browserify/console-browserify"
"console-control-strings@1.1.0","ISC","https://github.com/iarna/console-control-strings"
"constants-browserify@1.0.0","MIT","https://github.com/juliangruber/constants-browserify"
"content-disposition@0.5.4","MIT","https://github.com/jshttp/content-disposition"
"content-disposition@1.0.0","MIT","https://github.com/jshttp/content-disposition"
"content-type@1.0.5","MIT","https://github.com/jshttp/content-type"
"convert-source-map@2.0.0","MIT","https://github.com/thlorenz/convert-source-map"
"cookie-signature@1.0.6","MIT","https://github.com/visionmedia/node-cookie-signature"
"cookie-signature@1.2.2","MIT","https://github.com/visionmedia/node-cookie-signature"
"cookie@0.7.1","MIT","https://github.com/jshttp/cookie"
"cookie@0.7.2","MIT","https://github.com/jshttp/cookie"
"cookie@1.0.2","MIT","https://github.com/jshttp/cookie"
"core-js-compat@3.45.0","MIT","https://github.com/zloirock/core-js"
"core-util-is@1.0.2","MIT","https://github.com/isaacs/core-util-is"
"cors@2.8.5","MIT","https://github.com/expressjs/cors"
"cpu-features@0.0.10","MIT","https://github.com/mscdex/cpu-features"
"cpu-stat@2.0.1","MIT","https://github.com/jub3i/node-cpu-stat"
"crc@3.8.0","MIT","https://github.com/alexgorbatchev/node-crc"
"create-ecdh@4.0.4","MIT","https://github.com/crypto-browserify/createECDH"
"create-hash@1.1.3","MIT","https://github.com/crypto-browserify/createHash"
"create-hash@1.2.0","MIT","https://github.com/crypto-browserify/createHash"
"create-hmac@1.1.7","MIT","https://github.com/crypto-browserify/createHmac"
"create-require@1.1.1","MIT","https://github.com/nuxt-contrib/create-require"
"cross-dirname@0.1.0","MIT","https://github.com/JumpLink/cross-dirname"
"cross-spawn@7.0.6","MIT","https://github.com/moxystudio/node-cross-spawn"
"crypto-browserify@3.12.1","MIT","https://github.com/browserify/crypto-browserify"
"css-loader@7.1.2","MIT","https://github.com/webpack-contrib/css-loader"
"css-select@4.3.0","BSD-2-Clause","https://github.com/fb55/css-select"
"css-what@6.2.2","BSD-2-Clause","https://github.com/fb55/css-what"
"cssesc@3.0.0","MIT","https://github.com/mathiasbynens/cssesc"
"d3-array@3.2.4","ISC","https://github.com/d3/d3-array"
"d3-color@3.1.0","ISC","https://github.com/d3/d3-color"
"d3-ease@3.0.1","BSD-3-Clause","https://github.com/d3/d3-ease"
"d3-format@3.1.0","ISC","https://github.com/d3/d3-format"
"d3-interpolate@3.0.1","ISC","https://github.com/d3/d3-interpolate"
"d3-path@3.1.0","ISC","https://github.com/d3/d3-path"
"d3-scale@4.0.2","ISC","https://github.com/d3/d3-scale"
"d3-shape@3.2.0","ISC","https://github.com/d3/d3-shape"
"d3-time-format@4.1.0","ISC","https://github.com/d3/d3-time-format"
"d3-time@3.1.0","ISC","https://github.com/d3/d3-time"
"d3-timer@3.0.1","ISC","https://github.com/d3/d3-timer"
"data-uri-to-buffer@4.0.1","MIT","https://github.com/TooTallNate/node-data-uri-to-buffer"
"debug@2.6.9","MIT","https://github.com/visionmedia/debug"
"debug@3.2.7","MIT","https://github.com/visionmedia/debug"
"debug@4.4.1","MIT","https://github.com/debug-js/debug"
"debuglog@1.0.1","MIT","https://github.com/sam-github/node-debuglog"
"decimal.js-light@2.5.1","MIT","https://github.com/MikeMcl/decimal.js-light"
"decompress-response@6.0.0","MIT","https://github.com/sindresorhus/decompress-response"
"deep-extend@0.6.0","MIT","https://github.com/unclechu/node-deep-extend"
"default-browser-id@5.0.0","MIT","https://github.com/sindresorhus/default-browser-id"
"default-browser@5.2.1","MIT","https://github.com/sindresorhus/default-browser"
"defaults@1.0.4","MIT","https://github.com/sindresorhus/node-defaults"
"defer-to-connect@2.0.1","MIT","https://github.com/szmarczak/defer-to-connect"
"define-data-property@1.1.4","MIT","https://github.com/ljharb/define-data-property"
"define-lazy-prop@3.0.0","MIT","https://github.com/sindresorhus/define-lazy-prop"
"define-properties@1.2.1","MIT","https://github.com/ljharb/define-properties"
"delayed-stream@1.0.0","MIT","https://github.com/felixge/node-delayed-stream"
"delegates@1.0.0","MIT","https://github.com/visionmedia/node-delegates"
"depd@1.1.2","MIT","https://github.com/dougwilson/nodejs-depd"
"depd@2.0.0","MIT","https://github.com/dougwilson/nodejs-depd"
"des.js@1.1.0","MIT","https://github.com/indutny/des.js"
"destroy@1.2.0","MIT","https://github.com/stream-utils/destroy"
"detect-libc@1.0.3","Apache-2.0","https://github.com/lovell/detect-libc"
"detect-libc@2.0.4","Apache-2.0","https://github.com/lovell/detect-libc"
"detect-node@2.1.0","MIT","https://github.com/iliakan/detect-node"
"dezalgo@1.0.4","ISC","https://github.com/npm/dezalgo"
"diffie-hellman@5.0.3","MIT","https://github.com/crypto-browserify/diffie-hellman"
"dir-compare@4.2.0","MIT","https://github.com/gliviu/dir-compare"
"dmg-builder@26.0.12","MIT","https://github.com/electron-userland/electron-builder"
"dmg-license@1.0.11","MIT","https://github.com/argv-minus-one/dmg-license"
"dns-packet@5.6.1","MIT","https://github.com/mafintosh/dns-packet"
"doctrine@3.0.0","Apache-2.0","https://github.com/eslint/doctrine"
"dom-converter@0.2.0","MIT","https://github.com/AriaMinaei/dom-converter"
"dom-serializer@1.4.1","MIT","https://github.com/cheeriojs/dom-renderer"
"dom-walk@0.1.2","MIT","https://github.com/Raynos/dom-walk"
"domain-browser@4.22.0","MIT","https://github.com/bevry/domain-browser"
"domelementtype@2.3.0","BSD-2-Clause","https://github.com/fb55/domelementtype"
"domhandler@4.3.1","BSD-2-Clause","https://github.com/fb55/domhandler"
"domutils@2.8.0","BSD-2-Clause","https://github.com/fb55/domutils"
"dot-case@3.0.4","MIT","https://github.com/blakeembrey/change-case"
"dotenv-expand@11.0.7","BSD-2-Clause","https://github.com/motdotla/dotenv-expand"
"dotenv@16.6.1","BSD-2-Clause","https://github.com/motdotla/dotenv"
"dunder-proto@1.0.1","MIT","https://github.com/es-shims/dunder-proto"
"eastasianwidth@0.2.0","MIT","https://github.com/komagata/eastasianwidth"
"ee-first@1.1.1","MIT","https://github.com/jonathanong/ee-first"
"ejs@3.1.10","Apache-2.0","https://github.com/mde/ejs"
"electron-builder-squirrel-windows@26.0.12","MIT","https://github.com/electron-userland/electron-builder"
"electron-builder@26.0.12","MIT","https://github.com/electron-userland/electron-builder"
"electron-publish@26.0.11","MIT","https://github.com/electron-userland/electron-builder"
"electron-to-chromium@1.5.200","ISC","https://github.com/kilian/electron-to-chromium"
"electron-winstaller@5.4.0","MIT","https://github.com/electron/windows-installer"
"electron@37.2.6","MIT","https://github.com/electron/electron"
"elliptic@6.6.1","MIT","https://github.com/indutny/elliptic"
"emoji-regex@8.0.0","MIT","https://github.com/mathiasbynens/emoji-regex"
"emoji-regex@9.2.2","MIT","https://github.com/mathiasbynens/emoji-regex"
"encodeurl@1.0.2","MIT","https://github.com/pillarjs/encodeurl"
"encodeurl@2.0.0","MIT","https://github.com/pillarjs/encodeurl"
"encoding@0.1.13","MIT","https://github.com/andris9/encoding"
"end-of-stream@1.4.5","MIT","https://github.com/mafintosh/end-of-stream"
"enhanced-resolve@5.18.3","MIT","https://github.com/webpack/enhanced-resolve"
"entities@2.2.0","BSD-2-Clause","https://github.com/fb55/entities"
"env-paths@2.2.1","MIT","https://github.com/sindresorhus/env-paths"
"envinfo@7.14.0","MIT","https://github.com/tabrindle/envinfo"
"err-code@2.0.3","MIT","https://github.com/IndigoUnited/js-err-code"
"es-define-property@1.0.1","MIT","https://github.com/ljharb/es-define-property"
"es-errors@1.3.0","MIT","https://github.com/ljharb/es-errors"
"es-module-lexer@1.7.0","MIT","https://github.com/guybedford/es-module-lexer"
"es-object-atoms@1.1.1","MIT","https://github.com/ljharb/es-object-atoms"
"es-set-tostringtag@2.1.0","MIT","https://github.com/es-shims/es-set-tostringtag"
"es-toolkit@1.39.9","MIT","https://github.com/toss/es-toolkit"
"es6-error@4.1.1","MIT","https://github.com/bjyoungblood/es6-error"
"escalade@3.2.0","MIT","https://github.com/lukeed/escalade"
"escape-html@1.0.3","MIT","https://github.com/component/escape-html"
"escape-string-regexp@1.0.5","MIT","https://github.com/sindresorhus/escape-string-regexp"
"escape-string-regexp@4.0.0","MIT","https://github.com/sindresorhus/escape-string-regexp"
"eslint-scope@5.1.1","BSD-2-Clause","https://github.com/eslint/eslint-scope"
"esrecurse@4.3.0","BSD-2-Clause","https://github.com/estools/esrecurse"
"estraverse@4.3.0","BSD-2-Clause","https://github.com/estools/estraverse"
"estraverse@5.3.0","BSD-2-Clause","https://github.com/estools/estraverse"
"esutils@2.0.3","BSD-2-Clause","https://github.com/estools/esutils"
"etag@1.8.1","MIT","https://github.com/jshttp/etag"
"eventemitter3@4.0.7","MIT","https://github.com/primus/eventemitter3"
"eventemitter3@5.0.1","MIT","https://github.com/primus/eventemitter3"
"events@3.3.0","MIT","https://github.com/Gozala/events"
"evp_bytestokey@1.0.3","MIT","https://github.com/crypto-browserify/EVP_BytesToKey"
"expand-template@2.0.3","(MIT OR WTFPL)","https://github.com/ralphtheninja/expand-template"
"exponential-backoff@3.1.2","Apache-2.0","https://github.com/coveooss/exponential-backoff"
"express@4.21.2","MIT","https://github.com/expressjs/express"
"express@5.1.0","MIT","https://github.com/expressjs/express"
"extract-zip@2.0.1","BSD-2-Clause","https://github.com/maxogden/extract-zip"
"extsprintf@1.4.1","MIT","https://github.com/davepacheco/node-extsprintf"
"fast-deep-equal@3.1.3","MIT","https://github.com/epoberezkin/fast-deep-equal"
"fast-json-stable-stringify@2.1.0","MIT","https://github.com/epoberezkin/fast-json-stable-stringify"
"fast-uri@3.0.6","BSD-3-Clause","https://github.com/fastify/fast-uri"
"fastest-levenshtein@1.0.16","MIT","https://github.com/ka-weihe/fastest-levenshtein"
"fault@1.0.4","MIT","https://github.com/wooorm/fault"
"faye-websocket@0.11.4","Apache-2.0","https://github.com/faye/faye-websocket-node"
"fd-slicer@1.1.0","MIT","https://github.com/andrewrk/node-fd-slicer"
"fetch-blob@3.2.0","MIT","https://github.com/node-fetch/fetch-blob"
"file-uri-to-path@1.0.0","MIT","https://github.com/TooTallNate/file-uri-to-path"
"filelist@1.0.4","Apache-2.0","https://github.com/mde/filelist"
"fill-range@7.1.1","MIT","https://github.com/jonschlinkert/fill-range"
"finalhandler@1.3.1","MIT","https://github.com/pillarjs/finalhandler"
"finalhandler@2.1.0","MIT","https://github.com/pillarjs/finalhandler"
"find-up@4.1.0","MIT","https://github.com/sindresorhus/find-up"
"find-up@5.0.0","MIT","https://github.com/sindresorhus/find-up"
"flat@5.0.2","BSD-3-Clause","https://github.com/hughsk/flat"
"follow-redirects@1.15.11","MIT","https://github.com/follow-redirects/follow-redirects"
"for-each@0.3.5","MIT","https://github.com/Raynos/for-each"
"foreground-child@3.3.1","ISC","https://github.com/tapjs/foreground-child"
"form-data@4.0.4","MIT","https://github.com/form-data/form-data"
"format@0.2.2","MIT","https://github.com/samsonjs/format"
"formdata-polyfill@4.0.10","MIT","git+https://jimmywarting@github.com/jimmywarting/FormData"
"forwarded@0.2.0","MIT","https://github.com/jshttp/forwarded"
"fresh@0.5.2","MIT","https://github.com/jshttp/fresh"
"fresh@2.0.0","MIT","https://github.com/jshttp/fresh"
"fs-constants@1.0.0","MIT","https://github.com/mafintosh/fs-constants"
"fs-extra@10.1.0","MIT","https://github.com/jprichardson/node-fs-extra"
"fs-extra@11.3.1","MIT","https://github.com/jprichardson/node-fs-extra"
"fs-extra@7.0.1","MIT","https://github.com/jprichardson/node-fs-extra"
"fs-extra@8.1.0","MIT","https://github.com/jprichardson/node-fs-extra"
"fs-extra@9.1.0","MIT","https://github.com/jprichardson/node-fs-extra"
"fs-minipass@2.1.0","ISC","https://github.com/npm/fs-minipass"
"fs.realpath@1.0.0","ISC","https://github.com/isaacs/fs.realpath"
"fsevents@2.3.3","MIT","https://github.com/fsevents/fsevents"
"function-bind@1.1.2","MIT","https://github.com/Raynos/function-bind"
"gauge@4.0.4","ISC","https://github.com/npm/gauge"
"gensync@1.0.0-beta.2","MIT","https://github.com/loganfsmyth/gensync"
"get-caller-file@2.0.5","ISC","https://github.com/stefanpenner/get-caller-file"
"get-intrinsic@1.3.0","MIT","https://github.com/ljharb/get-intrinsic"
"get-proto@1.0.1","MIT","https://github.com/ljharb/get-proto"
"get-stream@5.2.0","MIT","https://github.com/sindresorhus/get-stream"
"github-from-package@0.0.0","MIT","https://github.com/substack/github-from-package"
"glob-parent@5.1.2","ISC","https://github.com/gulpjs/glob-parent"
"glob-to-regexp@0.4.1","BSD-2-Clause","https://github.com/fitzgen/glob-to-regexp"
"glob@10.4.5","ISC","https://github.com/isaacs/node-glob"
"glob@7.1.6","ISC","https://github.com/isaacs/node-glob"
"glob@7.2.3","ISC","https://github.com/isaacs/node-glob"
"glob@8.1.0","ISC","https://github.com/isaacs/node-glob"
"global-agent@3.0.0","BSD-3-Clause","https://github.com/gajus/global-agent"
"global@4.4.0","MIT","https://github.com/Raynos/global"
"globalthis@1.0.4","MIT","https://github.com/ljharb/System.global"
"gopd@1.2.0","MIT","https://github.com/ljharb/gopd"
"got@11.8.6","MIT","https://github.com/sindresorhus/got"
"graceful-fs@4.2.11","ISC","https://github.com/isaacs/node-graceful-fs"
"handle-thing@2.0.1","MIT","https://github.com/indutny/handle-thing"
"has-flag@3.0.0","MIT","https://github.com/sindresorhus/has-flag"
"has-flag@4.0.0","MIT","https://github.com/sindresorhus/has-flag"
"has-property-descriptors@1.0.2","MIT","https://github.com/inspect-js/has-property-descriptors"
"has-symbols@1.1.0","MIT","https://github.com/inspect-js/has-symbols"
"has-tostringtag@1.0.2","MIT","https://github.com/inspect-js/has-tostringtag"
"has-unicode@2.0.1","ISC","https://github.com/iarna/has-unicode"
"hash-base@2.0.2","MIT","https://github.com/crypto-browserify/hash-base"
"hash-base@3.0.5","MIT","https://github.com/crypto-browserify/hash-base"
"hash.js@1.1.7","MIT","https://github.com/indutny/hash.js"
"hasown@2.0.2","MIT","https://github.com/inspect-js/hasOwn"
"hast-util-parse-selector@2.2.5","MIT","https://github.com/syntax-tree/hast-util-parse-selector"
"hastscript@6.0.0","MIT","https://github.com/syntax-tree/hastscript"
"he@1.2.0","MIT","https://github.com/mathiasbynens/he"
"highlight.js@10.7.3","BSD-3-Clause","https://github.com/highlightjs/highlight.js"
"highlight.js@11.11.1","BSD-3-Clause","https://github.com/highlightjs/highlight.js"
"highlightjs-vue@1.0.0","CC0-1.0","https://github.com/highlightjs/highlightjs-vue"
"hmac-drbg@1.0.1","MIT","https://github.com/indutny/hmac-drbg"
"hosted-git-info@2.8.9","ISC","https://github.com/npm/hosted-git-info"
"hosted-git-info@4.1.0","ISC","https://github.com/npm/hosted-git-info"
"hpack.js@2.1.6","MIT","https://github.com/indutny/hpack.js"
"html-minifier-terser@6.1.0","MIT","https://github.com/terser/html-minifier-terser"
"html-webpack-plugin@5.6.3","MIT","https://github.com/jantimon/html-webpack-plugin"
"htmlparser2@6.1.0","MIT","https://github.com/fb55/htmlparser2"
"http-cache-semantics@4.2.0","BSD-2-Clause","https://github.com/kornelski/http-cache-semantics"
"http-deceiver@1.2.7","MIT","https://github.com/indutny/http-deceiver"
"http-errors@1.6.3","MIT","https://github.com/jshttp/http-errors"
"http-errors@2.0.0","MIT","https://github.com/jshttp/http-errors"
"http-parser-js@0.5.10","MIT","https://github.com/creationix/http-parser-js"
"http-proxy-agent@4.0.1","MIT","https://github.com/TooTallNate/node-http-proxy-agent"
"http-proxy-agent@5.0.0","MIT","https://github.com/TooTallNate/node-http-proxy-agent"
"http-proxy-agent@7.0.2","MIT","https://github.com/TooTallNate/proxy-agents"
"http-proxy-middleware@2.0.9","MIT","https://github.com/chimurai/http-proxy-middleware"
"http-proxy@1.18.1","MIT","https://github.com/http-party/node-http-proxy"
"http2-wrapper@1.0.3","MIT","https://github.com/szmarczak/http2-wrapper"
"https-browserify@1.0.0","MIT","https://github.com/substack/https-browserify"
"https-proxy-agent@5.0.1","MIT","https://github.com/TooTallNate/node-https-proxy-agent"
"https-proxy-agent@7.0.6","MIT","https://github.com/TooTallNate/proxy-agents"
"humanize-ms@1.2.1","MIT","https://github.com/node-modules/humanize-ms"
"hyperdyperid@1.2.0","MIT","https://github.com/streamich/hyperdyperid"
"iconv-corefoundation@1.1.7","MIT","https://github.com/argv-minus-one/iconv-corefoundation"
"iconv-lite@0.4.24","MIT","https://github.com/ashtuchkin/iconv-lite"
"iconv-lite@0.6.3","MIT","https://github.com/ashtuchkin/iconv-lite"
"icss-utils@5.1.0","ISC","https://github.com/css-modules/icss-utils"
"ieee754@1.2.1","BSD-3-Clause","https://github.com/feross/ieee754"
"ignore-by-default@1.0.1","ISC","https://github.com/novemberborn/ignore-by-default"
"immer@10.1.1","MIT","https://github.com/immerjs/immer"
"immutable@5.1.3","MIT","https://github.com/immutable-js/immutable-js"
"import-local@3.2.0","MIT","https://github.com/sindresorhus/import-local"
"imurmurhash@0.1.4","MIT","https://github.com/jensyt/imurmurhash-js"
"indent-string@4.0.0","MIT","https://github.com/sindresorhus/indent-string"
"infer-owner@1.0.4","ISC","https://github.com/npm/infer-owner"
"inflight@1.0.6","ISC","https://github.com/npm/inflight"
"inherits@2.0.3","ISC","https://github.com/isaacs/inherits"
"inherits@2.0.4","ISC","https://github.com/isaacs/inherits"
"ini@1.3.8","ISC","https://github.com/isaacs/ini"
"internmap@2.0.3","ISC","https://github.com/mbostock/internmap"
"interpret@3.1.1","MIT","https://github.com/gulpjs/interpret"
"ip-address@10.0.1","MIT","https://github.com/beaugunderson/ip-address"
"ipaddr.js@1.9.1","MIT","https://github.com/whitequark/ipaddr.js"
"ipaddr.js@2.2.0","MIT","https://github.com/whitequark/ipaddr.js"
"is-alphabetical@1.0.4","MIT","https://github.com/wooorm/is-alphabetical"
"is-alphanumerical@1.0.4","MIT","https://github.com/wooorm/is-alphanumerical"
"is-arguments@1.2.0","MIT","https://github.com/inspect-js/is-arguments"
"is-binary-path@2.1.0","MIT","https://github.com/sindresorhus/is-binary-path"
"is-callable@1.2.7","MIT","https://github.com/inspect-js/is-callable"
"is-ci@3.0.1","MIT","https://github.com/watson/is-ci"
"is-core-module@2.16.1","MIT","https://github.com/inspect-js/is-core-module"
"is-decimal@1.0.4","MIT","https://github.com/wooorm/is-decimal"
"is-docker@3.0.0","MIT","https://github.com/sindresorhus/is-docker"
"is-extglob@2.1.1","MIT","https://github.com/jonschlinkert/is-extglob"
"is-fullwidth-code-point@3.0.0","MIT","https://github.com/sindresorhus/is-fullwidth-code-point"
"is-generator-function@1.1.0","MIT","https://github.com/inspect-js/is-generator-function"
"is-glob@4.0.3","MIT","https://github.com/micromatch/is-glob"
"is-hexadecimal@1.0.4","MIT","https://github.com/wooorm/is-hexadecimal"
"is-inside-container@1.0.0","MIT","https://github.com/sindresorhus/is-inside-container"
"is-interactive@1.0.0","MIT","https://github.com/sindresorhus/is-interactive"
"is-lambda@1.0.1","MIT","https://github.com/watson/is-lambda"
"is-nan@1.3.2","MIT","https://github.com/es-shims/is-nan"
"is-network-error@1.1.0","MIT","https://github.com/sindresorhus/is-network-error"
"is-number@7.0.0","MIT","https://github.com/jonschlinkert/is-number"
"is-plain-obj@3.0.0","MIT","https://github.com/sindresorhus/is-plain-obj"
"is-plain-object@2.0.4","MIT","https://github.com/jonschlinkert/is-plain-object"
"is-promise@4.0.0","MIT","https://github.com/then/is-promise"
"is-regex@1.2.1","MIT","https://github.com/inspect-js/is-regex"
"is-stream@2.0.1","MIT","https://github.com/sindresorhus/is-stream"
"is-typed-array@1.1.15","MIT","https://github.com/inspect-js/is-typed-array"
"is-unicode-supported@0.1.0","MIT","https://github.com/sindresorhus/is-unicode-supported"
"is-wsl@3.1.0","MIT","https://github.com/sindresorhus/is-wsl"
"isarray@1.0.0","MIT","https://github.com/juliangruber/isarray"
"isarray@2.0.5","MIT","https://github.com/juliangruber/isarray"
"isbinaryfile@4.0.10","MIT","https://github.com/gjtorikian/isBinaryFile"
"isbinaryfile@5.0.4","MIT","https://github.com/gjtorikian/isBinaryFile"
"isexe@2.0.0","ISC","https://github.com/isaacs/isexe"
"isobject@3.0.1","MIT","https://github.com/jonschlinkert/isobject"
"isomorphic-timers-promises@1.0.1","MIT","https://github.com/niksy/isomorphic-timers-promises"
"jackspeak@3.4.3","BlueOak-1.0.0","https://github.com/isaacs/jackspeak"
"jake@10.9.4","Apache-2.0","https://github.com/jakejs/jake"
"jest-worker@27.5.1","MIT","https://github.com/facebook/jest"
"joi@17.13.3","BSD-3-Clause","https://github.com/hapijs/joi"
"js-tokens@4.0.0","MIT","https://github.com/lydell/js-tokens"
"js-yaml@4.1.0","MIT","https://github.com/nodeca/js-yaml"
"jsesc@3.0.2","MIT","https://github.com/mathiasbynens/jsesc"
"jsesc@3.1.0","MIT","https://github.com/mathiasbynens/jsesc"
"json-buffer@3.0.1","MIT","https://github.com/dominictarr/json-buffer"
"json-parse-even-better-errors@2.3.1","MIT","https://github.com/npm/json-parse-even-better-errors"
"json-schema-traverse@0.4.1","MIT","https://github.com/epoberezkin/json-schema-traverse"
"json-schema-traverse@1.0.0","MIT","https://github.com/epoberezkin/json-schema-traverse"
"json-stringify-safe@5.0.1","ISC","https://github.com/isaacs/json-stringify-safe"
"json5@2.2.3","MIT","https://github.com/json5/json5"
"jsonfile@4.0.0","MIT","https://github.com/jprichardson/node-jsonfile"
"jsonfile@6.2.0","MIT","https://github.com/jprichardson/node-jsonfile"
"keyv@4.5.4","MIT","https://github.com/jaredwray/keyv"
"kind-of@6.0.3","MIT","https://github.com/jonschlinkert/kind-of"
"launch-editor@2.11.1","MIT","https://github.com/yyx990803/launch-editor"
"lazy-val@1.0.5","MIT","https://github.com/develar/lazy-val"
"license-checker@25.0.1","BSD-3-Clause","https://github.com/davglass/license-checker"
"loader-runner@4.3.0","MIT","https://github.com/webpack/loader-runner"
"locate-path@5.0.0","MIT","https://github.com/sindresorhus/locate-path"
"locate-path@6.0.0","MIT","https://github.com/sindresorhus/locate-path"
"lodash.debounce@4.0.8","MIT","https://github.com/lodash/lodash"
"lodash.get@4.4.2","MIT","https://github.com/lodash/lodash"
"lodash.isequal@4.5.0","MIT","https://github.com/lodash/lodash"
"lodash.mergewith@4.6.2","MIT","https://github.com/lodash/lodash"
"lodash@4.17.21","MIT","https://github.com/lodash/lodash"
"log-symbols@4.1.0","MIT","https://github.com/sindresorhus/log-symbols"
"loose-envify@1.4.0","MIT","https://github.com/zertosh/loose-envify"
"lower-case@2.0.2","MIT","https://github.com/blakeembrey/change-case"
"lowercase-keys@2.0.0","MIT","https://github.com/sindresorhus/lowercase-keys"
"lowlight@1.20.0","MIT","https://github.com/wooorm/lowlight"
"lru-cache@10.4.3","ISC","https://github.com/isaacs/node-lru-cache"
"lru-cache@5.1.1","ISC","https://github.com/isaacs/node-lru-cache"
"lru-cache@6.0.0","ISC","https://github.com/isaacs/node-lru-cache"
"lru-cache@7.18.3","ISC","https://github.com/isaacs/node-lru-cache"
"make-dir@3.1.0","MIT","https://github.com/sindresorhus/make-dir"
"make-fetch-happen@10.2.1","ISC","https://github.com/npm/make-fetch-happen"
"make-fetch-happen@9.1.0","ISC","https://github.com/npm/make-fetch-happen"
"matcher@3.0.0","MIT","https://github.com/sindresorhus/matcher"
"math-intrinsics@1.1.0","MIT","https://github.com/es-shims/math-intrinsics"
"md5.js@1.3.5","MIT","https://github.com/crypto-browserify/md5.js"
"media-typer@0.3.0","MIT","https://github.com/jshttp/media-typer"
"media-typer@1.1.0","MIT","https://github.com/jshttp/media-typer"
"memfs@4.36.0","Apache-2.0","https://github.com/streamich/memfs"
"merge-descriptors@1.0.3","MIT","https://github.com/sindresorhus/merge-descriptors"
"merge-descriptors@2.0.0","MIT","https://github.com/sindresorhus/merge-descriptors"
"merge-stream@2.0.0","MIT","https://github.com/grncdr/merge-stream"
"methods@1.1.2","MIT","https://github.com/jshttp/methods"
"micromatch@4.0.8","MIT","https://github.com/micromatch/micromatch"
"miller-rabin@4.0.1","MIT","https://github.com/indutny/miller-rabin"
"mime-db@1.52.0","MIT","https://github.com/jshttp/mime-db"
"mime-db@1.54.0","MIT","https://github.com/jshttp/mime-db"
"mime-types@2.1.35","MIT","https://github.com/jshttp/mime-types"
"mime-types@3.0.1","MIT","https://github.com/jshttp/mime-types"
"mime@1.6.0","MIT","https://github.com/broofa/node-mime"
"mime@2.6.0","MIT","https://github.com/broofa/mime"
"mimic-fn@2.1.0","MIT","https://github.com/sindresorhus/mimic-fn"
"mimic-response@1.0.1","MIT","https://github.com/sindresorhus/mimic-response"
"mimic-response@3.1.0","MIT","https://github.com/sindresorhus/mimic-response"
"min-document@2.19.0","MIT","https://github.com/Raynos/min-document"
"minimalistic-assert@1.0.1","ISC","https://github.com/calvinmetcalf/minimalistic-assert"
"minimalistic-crypto-utils@1.0.1","MIT","https://github.com/indutny/minimalistic-crypto-utils"
"minimatch@10.0.3","ISC","https://github.com/isaacs/minimatch"
"minimatch@3.1.2","ISC","https://github.com/isaacs/minimatch"
"minimatch@5.1.6","ISC","https://github.com/isaacs/minimatch"
"minimatch@9.0.5","ISC","https://github.com/isaacs/minimatch"
"minimist@1.2.8","MIT","https://github.com/minimistjs/minimist"
"minipass-collect@1.0.2","ISC",""
"minipass-fetch@1.4.1","MIT","https://github.com/npm/minipass-fetch"
"minipass-fetch@2.1.2","MIT","https://github.com/npm/minipass-fetch"
"minipass-flush@1.0.5","ISC","https://github.com/isaacs/minipass-flush"
"minipass-pipeline@1.2.4","ISC",""
"minipass-sized@1.0.3","ISC","https://github.com/isaacs/minipass-sized"
"minipass@3.3.6","ISC","https://github.com/isaacs/minipass"
"minipass@5.0.0","ISC","https://github.com/isaacs/minipass"
"minipass@7.1.2","ISC","https://github.com/isaacs/minipass"
"minizlib@2.1.2","MIT","https://github.com/isaacs/minizlib"
"mkdirp-classic@0.5.3","MIT","https://github.com/mafintosh/mkdirp-classic"
"mkdirp@0.5.6","MIT","https://github.com/substack/node-mkdirp"
"mkdirp@1.0.4","MIT","https://github.com/isaacs/node-mkdirp"
"ms@2.0.0","MIT","https://github.com/zeit/ms"
"ms@2.1.3","MIT","https://github.com/vercel/ms"
"multicast-dns@7.2.5","MIT","https://github.com/mafintosh/multicast-dns"
"nan@2.23.0","MIT","https://github.com/nodejs/nan"
"nanoid@3.3.11","MIT","https://github.com/ai/nanoid"
"napi-build-utils@2.0.0","MIT","https://github.com/inspiredware/napi-build-utils"
"negotiator@0.6.3","MIT","https://github.com/jshttp/negotiator"
"negotiator@0.6.4","MIT","https://github.com/jshttp/negotiator"
"negotiator@1.0.0","MIT","https://github.com/jshttp/negotiator"
"neo-async@2.6.2","MIT","https://github.com/suguru03/neo-async"
"no-case@3.0.4","MIT","https://github.com/blakeembrey/change-case"
"node-abi@3.75.0","MIT","https://github.com/electron/node-abi"
"node-addon-api@1.7.2","MIT","https://github.com/nodejs/node-addon-api"
"node-addon-api@7.1.1","MIT","https://github.com/nodejs/node-addon-api"
"node-api-version@0.2.1","MIT","https://github.com/timfish/node-api-version"
"node-domexception@1.0.0","MIT","https://github.com/jimmywarting/node-domexception"
"node-fetch@3.3.2","MIT","https://github.com/node-fetch/node-fetch"
"node-forge@1.3.1","(BSD-3-Clause OR GPL-2.0)","https://github.com/digitalbazaar/forge"
"node-gyp@8.4.1","MIT","https://github.com/nodejs/node-gyp"
"node-nmap@4.0.0","MIT","https://github.com/Johnhhorton/node-nmap"
"node-polyfill-webpack-plugin@4.1.0","MIT","https://github.com/Richienb/node-polyfill-webpack-plugin"
"node-releases@2.0.19","MIT","https://github.com/chicoxyzzy/node-releases"
"node-ssh@13.2.1","MIT","https://github.com/steelbrain/node-ssh"
"node-stdlib-browser@1.3.1","MIT","https://github.com/niksy/node-stdlib-browser"
"nodemon@3.1.10","MIT","https://github.com/remy/nodemon"
"nopt@4.0.3","ISC","https://github.com/npm/nopt"
"nopt@5.0.0","ISC","https://github.com/npm/nopt"
"nopt@6.0.0","ISC","https://github.com/npm/nopt"
"normalize-package-data@2.5.0","BSD-2-Clause","https://github.com/npm/normalize-package-data"
"normalize-path@3.0.0","MIT","https://github.com/jonschlinkert/normalize-path"
"normalize-url@6.1.0","MIT","https://github.com/sindresorhus/normalize-url"
"npm-normalize-package-bin@1.0.1","ISC","https://github.com/npm/npm-normalize-package-bin"
"npmlog@6.0.2","ISC","https://github.com/npm/npmlog"
"nth-check@2.1.1","BSD-2-Clause","https://github.com/fb55/nth-check"
"object-assign@4.1.1","MIT","https://github.com/sindresorhus/object-assign"
"object-inspect@1.13.4","MIT","https://github.com/inspect-js/object-inspect"
"object-is@1.1.6","MIT","https://github.com/es-shims/object-is"
"object-keys@1.1.1","MIT","https://github.com/ljharb/object-keys"
"object.assign@4.1.7","MIT","https://github.com/ljharb/object.assign"
"obuf@1.1.2","MIT","https://github.com/indutny/offset-buffer"
"on-finished@2.4.1","MIT","https://github.com/jshttp/on-finished"
"on-headers@1.1.0","MIT","https://github.com/jshttp/on-headers"
"once@1.4.0","ISC","https://github.com/isaacs/once"
"onetime@5.1.2","MIT","https://github.com/sindresorhus/onetime"
"open@10.2.0","MIT","https://github.com/sindresorhus/open"
"openapi-types@12.1.3","MIT","https://github.com/kogosoftwarellc/open-api/tree/master/packages/openapi-types"
"ora@5.4.1","MIT","https://github.com/sindresorhus/ora"
"os-browserify@0.3.0","MIT","https://github.com/CoderPuppy/os-browserify"
"os-homedir@1.0.2","MIT","https://github.com/sindresorhus/os-homedir"
"os-tmpdir@1.0.2","MIT","https://github.com/sindresorhus/os-tmpdir"
"osenv@0.1.5","ISC","https://github.com/npm/osenv"
"oui-data@1.1.404","BSD-2-Clause","https://github.com/silverwind/oui-data"
"oui@13.0.5","BSD-2-Clause","https://github.com/silverwind/oui"
"p-cancelable@2.1.1","MIT","https://github.com/sindresorhus/p-cancelable"
"p-limit@2.3.0","MIT","https://github.com/sindresorhus/p-limit"
"p-limit@3.1.0","MIT","https://github.com/sindresorhus/p-limit"
"p-locate@4.1.0","MIT","https://github.com/sindresorhus/p-locate"
"p-locate@5.0.0","MIT","https://github.com/sindresorhus/p-locate"
"p-map@4.0.0","MIT","https://github.com/sindresorhus/p-map"
"p-retry@6.2.1","MIT","https://github.com/sindresorhus/p-retry"
"p-try@2.2.0","MIT","https://github.com/sindresorhus/p-try"
"package-json-from-dist@1.0.1","BlueOak-1.0.0","https://github.com/isaacs/package-json-from-dist"
"pako@1.0.11","(MIT AND Zlib)","https://github.com/nodeca/pako"
"param-case@3.0.4","MIT","https://github.com/blakeembrey/change-case"
"parse-asn1@5.1.7","ISC","https://github.com/crypto-browserify/parse-asn1"
"parse-entities@2.0.0","MIT","https://github.com/wooorm/parse-entities"
"parseurl@1.3.3","MIT","https://github.com/pillarjs/parseurl"
"pascal-case@3.1.2","MIT","https://github.com/blakeembrey/change-case"
"path-browserify@1.0.1","MIT","https://github.com/browserify/path-browserify"
"path-exists@4.0.0","MIT","https://github.com/sindresorhus/path-exists"
"path-is-absolute@1.0.1","MIT","https://github.com/sindresorhus/path-is-absolute"
"path-key@3.1.1","MIT","https://github.com/sindresorhus/path-key"
"path-parse@1.0.7","MIT","https://github.com/jbgutierrez/path-parse"
"path-scurry@1.11.1","BlueOak-1.0.0","https://github.com/isaacs/path-scurry"
"path-to-regexp@0.1.12","MIT","https://github.com/pillarjs/path-to-regexp"
"path-to-regexp@8.2.0","MIT","https://github.com/pillarjs/path-to-regexp"
"pbkdf2@3.1.3","MIT","https://github.com/crypto-browserify/pbkdf2"
"pe-library@0.4.1","MIT","https://github.com/jet2jet/pe-library-js"
"pend@1.2.0","MIT","https://github.com/andrewrk/node-pend"
"pi-studio-testing@1.0.0","ISC",""
"picocolors@1.1.1","ISC","https://github.com/alexeyraspopov/picocolors"
"picomatch@2.3.1","MIT","https://github.com/micromatch/picomatch"
"pidusage@4.0.1","MIT","https://github.com/soyuka/pidusage"
"ping@0.4.4","MIT","https://github.com/danielzzz/node-ping"
"pkg-dir@4.2.0","MIT","https://github.com/sindresorhus/pkg-dir"
"pkg-dir@5.0.0","MIT","https://github.com/sindresorhus/pkg-dir"
"plist@3.1.0","MIT","https://github.com/TooTallNate/node-plist"
"possible-typed-array-names@1.1.0","MIT","https://github.com/ljharb/possible-typed-array-names"
"postcss-modules-extract-imports@3.1.0","ISC","https://github.com/css-modules/postcss-modules-extract-imports"
"postcss-modules-local-by-default@4.2.0","MIT","https://github.com/css-modules/postcss-modules-local-by-default"
"postcss-modules-scope@3.2.1","ISC","https://github.com/css-modules/postcss-modules-scope"
"postcss-modules-values@4.0.0","ISC","https://github.com/css-modules/postcss-modules-values"
"postcss-selector-parser@7.1.0","MIT","https://github.com/postcss/postcss-selector-parser"
"postcss-value-parser@4.2.0","MIT","https://github.com/TrySound/postcss-value-parser"
"postcss@8.5.6","MIT","https://github.com/postcss/postcss"
"postject@1.0.0-alpha.6","MIT","https://github.com/nodejs/postject"
"prebuild-install@7.1.3","MIT","https://github.com/prebuild/prebuild-install"
"pretty-error@4.0.0","MIT","https://github.com/AriaMinaei/pretty-error"
"prismjs@1.27.0","MIT","https://github.com/PrismJS/prism"
"prismjs@1.30.0","MIT","https://github.com/PrismJS/prism"
"proc-log@2.0.1","ISC","https://github.com/npm/proc-log"
"process-nextick-args@2.0.1","MIT","https://github.com/calvinmetcalf/process-nextick-args"
"process@0.11.10","MIT","https://github.com/shtylman/node-process"
"progress@2.0.3","MIT","https://github.com/visionmedia/node-progress"
"promise-inflight@1.0.1","ISC","https://github.com/iarna/promise-inflight"
"promise-retry@2.0.1","MIT","https://github.com/IndigoUnited/node-promise-retry"
"prop-types@15.8.1","MIT","https://github.com/facebook/prop-types"
"property-information@5.6.0","MIT","https://github.com/wooorm/property-information"
"proxy-addr@2.0.7","MIT","https://github.com/jshttp/proxy-addr"
"proxy-from-env@1.1.0","MIT","https://github.com/Rob--W/proxy-from-env"
"pstree.remy@1.1.8","MIT","https://github.com/remy/pstree"
"public-encrypt@4.0.3","MIT","https://github.com/crypto-browserify/publicEncrypt"
"pump@3.0.3","MIT","https://github.com/mafintosh/pump"
"punycode@1.4.1","MIT","https://github.com/bestiejs/punycode.js"
"punycode@2.3.1","MIT","https://github.com/mathiasbynens/punycode.js"
"qs@6.13.0","BSD-3-Clause","https://github.com/ljharb/qs"
"qs@6.14.0","BSD-3-Clause","https://github.com/ljharb/qs"
"querystring-es3@0.2.1","MIT","https://github.com/mike-spainhower/querystring"
"queued-up@2.0.2","MIT","https://github.com/Johnhhorton/queued-up"
"quick-lru@5.1.1","MIT","https://github.com/sindresorhus/quick-lru"
"randombytes@2.1.0","MIT","https://github.com/crypto-browserify/randombytes"
"randomfill@1.0.4","MIT","https://github.com/crypto-browserify/randomfill"
"range-parser@1.2.1","MIT","https://github.com/jshttp/range-parser"
"raw-body@2.5.2","MIT","https://github.com/stream-utils/raw-body"
"raw-body@3.0.0","MIT","https://github.com/stream-utils/raw-body"
"rc@1.2.8","(BSD-2-Clause OR MIT OR Apache-2.0)","https://github.com/dominictarr/rc"
"react-dom@19.1.1","MIT","https://github.com/facebook/react"
"react-is@16.13.1","MIT","https://github.com/facebook/react"
"react-json-pretty@2.2.0","MIT","https://github.com/chenckang/react-json-pretty"
"react-redux@9.2.0","MIT","https://github.com/reduxjs/react-redux"
"react-router-dom@7.8.0","MIT","https://github.com/remix-run/react-router"
"react-router@7.8.0","MIT","https://github.com/remix-run/react-router"
"react-syntax-highlighter@15.6.1","MIT","https://github.com/react-syntax-highlighter/react-syntax-highlighter"
"react-tabs@6.1.0","MIT","https://github.com/reactjs/react-tabs"
"react@19.1.1","MIT","https://github.com/facebook/react"
"read-binary-file-arch@1.0.6","MIT","https://github.com/samuelmaddock/read-binary-file-arch"
"read-installed@4.0.3","ISC","https://github.com/isaacs/read-installed"
"read-package-json@2.1.2","ISC","https://github.com/npm/read-package-json"
"readable-stream@2.3.8","MIT","https://github.com/nodejs/readable-stream"
"readable-stream@3.6.2","MIT","https://github.com/nodejs/readable-stream"
"readdir-scoped-modules@1.1.0","ISC","https://github.com/npm/readdir-scoped-modules"
"readdirp@3.6.0","MIT","https://github.com/paulmillr/readdirp"
"readdirp@4.1.2","MIT","https://github.com/paulmillr/readdirp"
"recharts@3.1.2","MIT","https://github.com/recharts/recharts"
"rechoir@0.8.0","MIT","https://github.com/gulpjs/rechoir"
"redux-thunk@3.1.0","MIT","https://github.com/reduxjs/redux-thunk"
"redux@5.0.1","MIT","https://github.com/reduxjs/redux"
"refractor@3.6.0","MIT","https://github.com/wooorm/refractor"
"regenerate-unicode-properties@10.2.0","MIT","https://github.com/mathiasbynens/regenerate-unicode-properties"
"regenerate@1.4.2","MIT","https://github.com/mathiasbynens/regenerate"
"regexpu-core@6.2.0","MIT","https://github.com/mathiasbynens/regexpu-core"
"regjsgen@0.8.0","MIT","https://github.com/bnjmnt4n/regjsgen"
"regjsparser@0.12.0","BSD-2-Clause","https://github.com/jviereck/regjsparser"
"relateurl@0.2.7","MIT","https://github.com/stevenvachon/relateurl"
"renderkid@3.0.0","MIT","https://github.com/AriaMinaei/RenderKid"
"require-directory@2.1.1","MIT","https://github.com/troygoode/node-require-directory"
"require-from-string@2.0.2","MIT","https://github.com/floatdrop/require-from-string"
"requires-port@1.0.0","MIT","https://github.com/unshiftio/requires-port"
"resedit@1.7.2","MIT","https://github.com/jet2jet/resedit-js"
"reselect@5.1.1","MIT","https://github.com/reduxjs/reselect"
"resolve-alpn@1.2.1","MIT","https://github.com/szmarczak/resolve-alpn"
"resolve-cwd@3.0.0","MIT","https://github.com/sindresorhus/resolve-cwd"
"resolve-from@5.0.0","MIT","https://github.com/sindresorhus/resolve-from"
"resolve@1.22.10","MIT","https://github.com/browserify/resolve"
"responselike@2.0.1","MIT","https://github.com/sindresorhus/responselike"
"restore-cursor@3.1.0","MIT","https://github.com/sindresorhus/restore-cursor"
"retry@0.12.0","MIT","https://github.com/tim-kos/node-retry"
"retry@0.13.1","MIT","https://github.com/tim-kos/node-retry"
"rimraf@2.6.3","ISC","https://github.com/isaacs/rimraf"
"rimraf@3.0.2","ISC","https://github.com/isaacs/rimraf"
"ripemd160@2.0.1","MIT","https://github.com/crypto-browserify/ripemd160"
"ripemd160@2.0.2","MIT","https://github.com/crypto-browserify/ripemd160"
"roarr@2.15.4","BSD-3-Clause","https://github.com/gajus/roarr"
"router@2.2.0","MIT","https://github.com/pillarjs/router"
"run-applescript@7.0.0","MIT","https://github.com/sindresorhus/run-applescript"
"rxjs@7.8.2","Apache-2.0","https://github.com/reactivex/rxjs"
"safe-buffer@5.1.2","MIT","https://github.com/feross/safe-buffer"
"safe-buffer@5.2.1","MIT","https://github.com/feross/safe-buffer"
"safe-regex-test@1.1.0","MIT","https://github.com/ljharb/safe-regex-test"
"safer-buffer@2.1.2","MIT","https://github.com/ChALkeR/safer-buffer"
"sanitize-filename@1.6.3","WTFPL OR ISC","https://github.com/parshap/node-sanitize-filename"
"sass-loader@16.0.5","MIT","https://github.com/webpack-contrib/sass-loader"
"sass@1.90.0","MIT","https://github.com/sass/dart-sass"
"sax@1.4.1","ISC","https://github.com/isaacs/sax-js"
"sb-promise-queue@2.1.1","MIT","https://github.com/steelbrain/promise-queue"
"sb-scandir@3.1.1","MIT","https://github.com/steelbrain/scandir"
"scheduler@0.26.0","MIT","https://github.com/facebook/react"
"schema-utils@4.3.2","MIT","https://github.com/webpack/schema-utils"
"select-hose@2.0.0","MIT","https://github.com/indutny/select-hose"
"selfsigned@2.4.1","MIT","https://github.com/jfromaniello/selfsigned"
"semver-compare@1.0.0","MIT","https://github.com/substack/semver-compare"
"semver@5.7.2","ISC","https://github.com/npm/node-semver"
"semver@6.3.1","ISC","https://github.com/npm/node-semver"
"semver@7.7.2","ISC","https://github.com/npm/node-semver"
"send@0.19.0","MIT","https://github.com/pillarjs/send"
"send@1.2.0","MIT","https://github.com/pillarjs/send"
"serialize-error@7.0.1","MIT","https://github.com/sindresorhus/serialize-error"
"serialize-javascript@6.0.2","BSD-3-Clause","https://github.com/yahoo/serialize-javascript"
"serve-index@1.9.1","MIT","https://github.com/expressjs/serve-index"
"serve-static@1.16.2","MIT","https://github.com/expressjs/serve-static"
"serve-static@2.2.0","MIT","https://github.com/expressjs/serve-static"
"set-blocking@2.0.0","ISC","https://github.com/yargs/set-blocking"
"set-cookie-parser@2.7.1","MIT","https://github.com/nfriedly/set-cookie-parser"
"set-function-length@1.2.2","MIT","https://github.com/ljharb/set-function-length"
"setimmediate@1.0.5","MIT","https://github.com/YuzuJS/setImmediate"
"setprototypeof@1.1.0","ISC","https://github.com/wesleytodd/setprototypeof"
"setprototypeof@1.2.0","ISC","https://github.com/wesleytodd/setprototypeof"
"sha.js@2.4.12","(MIT AND BSD-3-Clause)","https://github.com/crypto-browserify/sha.js"
"shallow-clone@3.0.1","MIT","https://github.com/jonschlinkert/shallow-clone"
"shebang-command@2.0.0","MIT","https://github.com/kevva/shebang-command"
"shebang-regex@3.0.0","MIT","https://github.com/sindresorhus/shebang-regex"
"shell-escape@0.2.0","MIT","https://github.com/xxorax/node-shell-escape"
"shell-quote@1.8.3","MIT","https://github.com/ljharb/shell-quote"
"side-channel-list@1.0.0","MIT","https://github.com/ljharb/side-channel-list"
"side-channel-map@1.0.1","MIT","https://github.com/ljharb/side-channel-map"
"side-channel-weakmap@1.0.2","MIT","https://github.com/ljharb/side-channel-weakmap"
"side-channel@1.1.0","MIT","https://github.com/ljharb/side-channel"
"signal-exit@3.0.7","ISC","https://github.com/tapjs/signal-exit"
"signal-exit@4.1.0","ISC","https://github.com/tapjs/signal-exit"
"simple-concat@1.0.1","MIT","https://github.com/feross/simple-concat"
"simple-get@4.0.1","MIT","https://github.com/feross/simple-get"
"simple-update-notifier@2.0.0","MIT","https://github.com/alexbrazier/simple-update-notifier"
"slice-ansi@3.0.0","MIT","https://github.com/chalk/slice-ansi"
"slide@1.1.6","ISC","https://github.com/isaacs/slide-flow-control"
"smart-buffer@4.2.0","MIT","https://github.com/JoshGlazebrook/smart-buffer"
"sockjs@0.3.24","MIT","https://github.com/sockjs/sockjs-node"
"socks-proxy-agent@6.2.1","MIT","https://github.com/TooTallNate/node-socks-proxy-agent"
"socks-proxy-agent@7.0.0","MIT","https://github.com/TooTallNate/node-socks-proxy-agent"
"socks@2.8.7","MIT","https://github.com/JoshGlazebrook/socks"
"source-map-js@1.2.1","BSD-3-Clause","https://github.com/7rulnik/source-map-js"
"source-map-support@0.5.21","MIT","https://github.com/evanw/node-source-map-support"
"source-map@0.6.1","BSD-3-Clause","https://github.com/mozilla/source-map"
"space-separated-tokens@1.1.5","MIT","https://github.com/wooorm/space-separated-tokens"
"spdx-compare@1.0.0","MIT","https://github.com/kemitchell/spdx-compare.js"
"spdx-correct@3.2.0","Apache-2.0","https://github.com/jslicense/spdx-correct.js"
"spdx-exceptions@2.5.0","CC-BY-3.0","https://github.com/kemitchell/spdx-exceptions.json"
"spdx-expression-parse@3.0.1","MIT","https://github.com/jslicense/spdx-expression-parse.js"
"spdx-license-ids@3.0.22","CC0-1.0","https://github.com/jslicense/spdx-license-ids"
"spdx-ranges@2.1.1","(MIT AND CC-BY-3.0)","https://github.com/kemitchell/spdx-ranges.js"
"spdx-satisfies@4.0.1","MIT","https://github.com/kemitchell/spdx-satisfies.js"
"spdy-transport@3.0.0","MIT","https://github.com/spdy-http2/spdy-transport"
"spdy@4.0.2","MIT","https://github.com/indutny/node-spdy"
"sprintf-js@1.1.3","BSD-3-Clause","https://github.com/alexei/sprintf.js"
"sqlite3@5.1.7","BSD-3-Clause","https://github.com/TryGhost/node-sqlite3"
"ssh2@1.16.0","MIT","https://github.com/mscdex/ssh2"
"ssri@8.0.1","ISC","https://github.com/npm/ssri"
"ssri@9.0.1","ISC","https://github.com/npm/ssri"
"stat-mode@1.0.0","MIT","https://github.com/TooTallNate/stat-mode"
"statuses@1.5.0","MIT","https://github.com/jshttp/statuses"
"statuses@2.0.1","MIT","https://github.com/jshttp/statuses"
"statuses@2.0.2","MIT","https://github.com/jshttp/statuses"
"stream-browserify@3.0.0","MIT","https://github.com/browserify/stream-browserify"
"stream-http@3.2.0","MIT","https://github.com/jhiesey/stream-http"
"string-width@4.2.3","MIT","https://github.com/sindresorhus/string-width"
"string-width@5.1.2","MIT","https://github.com/sindresorhus/string-width"
"string_decoder@1.1.1","MIT","https://github.com/nodejs/string_decoder"
"string_decoder@1.3.0","MIT","https://github.com/nodejs/string_decoder"
"strip-ansi@6.0.1","MIT","https://github.com/chalk/strip-ansi"
"strip-ansi@7.1.0","MIT","https://github.com/chalk/strip-ansi"
"strip-json-comments@2.0.1","MIT","https://github.com/sindresorhus/strip-json-comments"
"style-loader@4.0.0","MIT","https://github.com/webpack-contrib/style-loader"
"sumchecker@3.0.1","Apache-2.0","https://github.com/malept/sumchecker"
"supports-color@5.5.0","MIT","https://github.com/chalk/supports-color"
"supports-color@7.2.0","MIT","https://github.com/chalk/supports-color"
"supports-color@8.1.1","MIT","https://github.com/chalk/supports-color"
"supports-preserve-symlinks-flag@1.0.0","MIT","https://github.com/inspect-js/node-supports-preserve-symlinks-flag"
"swagger-jsdoc@6.2.8","MIT","https://github.com/Surnet/swagger-jsdoc"
"swagger-parser@10.0.3","MIT","https://github.com/APIDevTools/swagger-parser"
"swagger-ui-dist@5.27.1","Apache-2.0","https://github.com/swagger-api/swagger-ui"
"swagger-ui-express@5.0.1","MIT","https://github.com/scottie1984/swagger-ui-express"
"systeminformation@5.27.7","MIT","https://github.com/sebhildebrandt/systeminformation"
"tapable@2.2.2","MIT","https://github.com/webpack/tapable"
"tar-fs@2.1.3","MIT","https://github.com/mafintosh/tar-fs"
"tar-stream@2.2.0","MIT","https://github.com/mafintosh/tar-stream"
"tar@6.2.1","ISC","https://github.com/isaacs/node-tar"
"temp-file@3.4.0","MIT","https://github.com/develar/temp-file"
"temp@0.9.4","MIT","https://github.com/bruce/node-temp"
"terser-webpack-plugin@5.3.14","MIT","https://github.com/webpack-contrib/terser-webpack-plugin"
"terser@5.43.1","BSD-2-Clause","https://github.com/terser/terser"
"thingies@2.5.0","MIT","https://github.com/streamich/thingies"
"thunky@1.1.0","MIT","https://github.com/mafintosh/thunky"
"timers-browserify@2.0.12","MIT","https://github.com/jryans/timers-browserify"
"tiny-async-pool@1.3.0","MIT","https://github.com/rxaviers/async-pool"
"tiny-invariant@1.3.3","MIT","https://github.com/alexreardon/tiny-invariant"
"tmp-promise@3.0.3","MIT","https://github.com/benjamingr/tmp-promise"
"tmp@0.2.5","MIT","https://github.com/raszi/node-tmp"
"to-buffer@1.2.1","MIT","https://github.com/browserify/to-buffer"
"to-regex-range@5.0.1","MIT","https://github.com/micromatch/to-regex-range"
"toidentifier@1.0.1","MIT","https://github.com/component/toidentifier"
"touch@3.1.1","ISC","https://github.com/isaacs/node-touch"
"tree-dump@1.0.3","Apache-2.0","https://github.com/streamich/tree-dump"
"tree-kill@1.2.2","MIT","https://github.com/pkrumins/node-tree-kill"
"treeify@1.1.0","MIT","https://github.com/notatestuser/treeify"
"truncate-utf8-bytes@1.0.2","WTFPL","https://github.com/parshap/truncate-utf8-bytes"
"tslib@2.8.1","0BSD","https://github.com/Microsoft/tslib"
"tty-browserify@0.0.1","MIT","https://github.com/browserify/tty-browserify"
"tunnel-agent@0.6.0","Apache-2.0","https://github.com/mikeal/tunnel-agent"
"tweetnacl@0.14.5","Unlicense","https://github.com/dchest/tweetnacl-js"
"type-fest@0.13.1","(MIT OR CC0-1.0)","https://github.com/sindresorhus/type-fest"
"type-fest@4.41.0","(MIT OR CC0-1.0)","https://github.com/sindresorhus/type-fest"
"type-is@1.6.18","MIT","https://github.com/jshttp/type-is"
"type-is@2.0.1","MIT","https://github.com/jshttp/type-is"
"typed-array-buffer@1.0.3","MIT","https://github.com/inspect-js/typed-array-buffer"
"typescript@5.9.2","Apache-2.0","https://github.com/microsoft/TypeScript"
"undefsafe@2.0.5","MIT","https://github.com/remy/undefsafe"
"undici-types@6.21.0","MIT","https://github.com/nodejs/undici"
"unicode-canonical-property-names-ecmascript@2.0.1","MIT","https://github.com/mathiasbynens/unicode-canonical-property-names-ecmascript"
"unicode-match-property-ecmascript@2.0.0","MIT","https://github.com/mathiasbynens/unicode-match-property-ecmascript"
"unicode-match-property-value-ecmascript@2.2.0","MIT","https://github.com/mathiasbynens/unicode-match-property-value-ecmascript"
"unicode-property-aliases-ecmascript@2.1.0","MIT","https://github.com/mathiasbynens/unicode-property-aliases-ecmascript"
"unique-filename@1.1.1","ISC","https://github.com/iarna/unique-filename"
"unique-filename@2.0.1","ISC","https://github.com/npm/unique-filename"
"unique-slug@2.0.2","ISC","https://github.com/iarna/unique-slug"
"unique-slug@3.0.0","ISC","https://github.com/npm/unique-slug"
"universalify@0.1.2","MIT","https://github.com/RyanZim/universalify"
"universalify@2.0.1","MIT","https://github.com/RyanZim/universalify"
"unpipe@1.0.0","MIT","https://github.com/stream-utils/unpipe"
"update-browserslist-db@1.1.3","MIT","https://github.com/browserslist/update-db"
"uri-js@4.4.1","BSD-2-Clause","https://github.com/garycourt/uri-js"
"url@0.11.4","MIT","https://github.com/defunctzombie/node-url"
"use-sync-external-store@1.5.0","MIT","https://github.com/facebook/react"
"utf8-byte-length@1.0.5","(WTFPL OR MIT)","https://github.com/parshap/utf8-byte-length"
"util-deprecate@1.0.2","MIT","https://github.com/TooTallNate/util-deprecate"
"util-extend@1.0.3","MIT","https://github.com/isaacs/util-extend"
"util@0.12.5","MIT","https://github.com/browserify/node-util"
"utila@0.4.0","MIT","https://github.com/AriaMinaei/utila"
"utils-merge@1.0.1","MIT","https://github.com/jaredhanson/utils-merge"
"uuid@11.1.0","MIT","https://github.com/uuidjs/uuid"
"uuid@8.3.2","MIT","https://github.com/uuidjs/uuid"
"validate-npm-package-license@3.0.4","Apache-2.0","https://github.com/kemitchell/validate-npm-package-license.js"
"validator@13.15.15","MIT","https://github.com/validatorjs/validator.js"
"vary@1.1.2","MIT","https://github.com/jshttp/vary"
"verror@1.10.1","MIT","https://github.com/joyent/node-verror"
"victory-vendor@37.3.6","MIT AND ISC","https://github.com/FormidableLabs/victory"
"vm-browserify@1.1.2","MIT","https://github.com/substack/vm-browserify"
"wait-on@8.0.4","MIT","https://github.com/jeffbski/wait-on"
"watchpack@2.4.4","MIT","https://github.com/webpack/watchpack"
"wbuf@1.7.3","MIT","https://github.com/indutny/wbuf"
"wcwidth@1.0.1","MIT","https://github.com/timoxley/wcwidth"
"web-streams-polyfill@3.3.3","MIT","https://github.com/MattiasBuelens/web-streams-polyfill"
"webpack-cli@6.0.1","MIT","https://github.com/webpack/webpack-cli"
"webpack-dev-middleware@7.4.2","MIT","https://github.com/webpack/webpack-dev-middleware"
"webpack-dev-server@5.2.2","MIT","https://github.com/webpack/webpack-dev-server"
"webpack-merge@6.0.1","MIT","https://github.com/survivejs/webpack-merge"
"webpack-sources@3.3.3","MIT","https://github.com/webpack/webpack-sources"
"webpack@5.101.1","MIT","https://github.com/webpack/webpack"
"websocket-driver@0.7.4","Apache-2.0","https://github.com/faye/websocket-driver-node"
"websocket-extensions@0.1.4","Apache-2.0","https://github.com/faye/websocket-extensions-node"
"which-typed-array@1.1.19","MIT","https://github.com/inspect-js/which-typed-array"
"which@2.0.2","ISC","https://github.com/isaacs/node-which"
"wide-align@1.1.5","ISC","https://github.com/iarna/wide-align"
"wildcard@2.0.1","MIT","https://github.com/DamonOehlman/wildcard"
"wrap-ansi@7.0.0","MIT","https://github.com/chalk/wrap-ansi"
"wrap-ansi@8.1.0","MIT","https://github.com/chalk/wrap-ansi"
"wrappy@1.0.2","ISC","https://github.com/npm/wrappy"
"ws@8.18.3","MIT","https://github.com/websockets/ws"
"wsl-utils@0.1.0","MIT","https://github.com/sindresorhus/wsl-utils"
"xml2js@0.4.23","MIT","https://github.com/Leonidas-from-XIV/node-xml2js"
"xmlbuilder@11.0.1","MIT","https://github.com/oozcitak/xmlbuilder-js"
"xmlbuilder@15.1.1","MIT","https://github.com/oozcitak/xmlbuilder-js"
"xtend@4.0.2","MIT","https://github.com/Raynos/xtend"
"y18n@5.0.8","ISC","https://github.com/yargs/y18n"
"yallist@3.1.1","ISC","https://github.com/isaacs/yallist"
"yallist@4.0.0","ISC","https://github.com/isaacs/yallist"
"yaml@2.0.0-1","ISC","https://github.com/eemeli/yaml"
"yargs-parser@21.1.1","ISC","https://github.com/yargs/yargs-parser"
"yargs@17.7.2","MIT","https://github.com/yargs/yargs"
"yauzl@2.10.0","MIT","https://github.com/thejoshwolfe/yauzl"
"yocto-queue@0.1.0","MIT","https://github.com/sindresorhus/yocto-queue"
"z-schema@5.0.5","MIT","https://github.com/zaggino/z-schema"
